[
    {
        "id":"0",
        "title":"Techniques from Professionals",
        "videoUrl":"https://youtu.be/T7aNSRoDCmg?si=mcO2TRyuWr3H0_w7"
    },
    {
        "id":"1",
        "title":"Safety Tips For Women",
        "videoUrl":"https://youtu.be/8QbVlL6Gr74?si=Sn7Hu9tCCY44nqFL"
    },
    {
        "id":"2",
        "title":"Self Defence Techniques for girls",
        "videoUrl":"https://youtu.be/9m-x64bKfR4?si=6ZdK46ueYlqmbK3e"
    },
    {
        "id":"3",
        "title":"Safety Tips For Women",
        "videoUrl":"https://youtu.be/MCFWoJSVgH4?si=oTOQNqZ-UVmmbCJb"
    },
    {
        "id":"4",
        "title":"Special for Girls - Self Defence",
        "videoUrl":"https://youtu.be/SfAoGd8R-CM?si=7oIKwNecBDDC9UDp"
    }
]